"STATIONS_ID";"MESS_DATUM";"QN_3";"FX";"FM";"QN_4";"RSK";"RSKF";"SDK";"SHK_TAG";"NM";"VPM";"PM";"TMK";"UPM";"TXK";"TNK";"TGK";"eor"
433;20220101;10;"10";"4";9;"0";4;"0";-999;"-999";"12,2";"1015,6";"12";"87";"12,7";"9,9";"8,3";"eor"
433;20220102;10;"11";"3,8";9;"3,8";4;"0";-999;"-999";"10,3";"1006,6";"9,9";"84";"11,7";"7,9";"5,7";"eor"
433;20220103;10;"17,9";"4,9";9;"0,7";4;"0,7";-999;"-999";"9,1";"1000,3";"8,9";"80";"10,8";"6,2";"3,8";"eor"
433;20220104;10;"9,1";"3";9;"1,7";4;"0";-999;"-999";"8,6";"990,6";"6,4";"89";"7,2";"4,1";"2";"eor"
433;20220105;10;"12,9";"4,6";9;"1";4;"1,8";-999;"-999";"6,5";"992,2";"3,8";"81";"5,1";"2,5";"0,5";"eor"
433;20220106;10;"14,1";"4,7";9;"0";0;"6,8";-999;"-999";"4,9";"1008";"1,2";"74";"3,9";"-1,4";"-6";"eor"
433;20220107;10;"10";"3,6";9;"1,4";4;"0,3";-999;"-999";"5,5";"1007,8";"0,7";"86";"2,9";"-1,5";"-3,9";"eor"
433;20220108;10;"8,1";"2,8";9;"0";0;"2";-999;"-999";"5,9";"1002,3";"1,3";"87";"3,3";"-0,6";"-2,5";"eor"
433;20220109;10;"9,4";"3,6";9;"0,1";4;"0";-999;"-999";"5,5";"993,5";"1,5";"79";"4,3";"-0,9";"-2,3";"eor"
433;20220110;10;"5,9";"2,4";9;"0,1";4;"0";-999;"-999";"6,9";"1014,3";"3,1";"89";"5,1";"-2,4";"-4,2";"eor"
433;20220111;10;"7";"2,5";9;"0";0;"2,2";-999;"-999";"4,5";"1029,4";"-2,3";"87";"-0,1";"-3,4";"-6,7";"eor"
433;20220112;10;"7,7";"2,8";9;"0,3";4;"0";-999;"-999";"6";"1030,3";"0,9";"91";"3,7";"-2,4";"-3,1";"eor"
433;20220113;10;"11";"5,1";9;"0";0;"0";-999;"-999";"7,3";"1028";"4,3";"88";"5,2";"3,5";"3,2";"eor"
433;20220114;10;"12,3";"5,4";9;"0,3";4;"0";-999;"-999";"7,8";"1023,2";"5,3";"87";"6,8";"2,4";"-1,2";"eor"
433;20220115;10;"6,3";"2,4";9;"0";0;"0,1";-999;"-999";"6";"1022,8";"1,9";"86";"3,3";"0,6";"-1,9";"eor"
433;20220116;10;"12,7";"3,6";9;"0,5";4;"0";-999;"-999";"6,2";"1014,3";"2,1";"86";"5,5";"-1";"-3,1";"eor"
433;20220117;10;"20,1";"7,2";9;"4,9";4;"1,1";-999;"-999";"6,5";"1015,8";"4,1";"79";"6,2";"0,4";"-1,7";"eor"
433;20220118;10;"8,3";"3,1";9;"0";0;"0,1";-999;"-999";"6,4";"1028,4";"3";"83";"5,5";"-0,8";"-3";"eor"
433;20220119;10;"16,1";"4,3";9;"0,7";4;"2,3";-999;"-999";"6,6";"1016,1";"4";"81";"5,2";"2,4";"2,2";"eor"
433;20220120;10;"22,2";"7,6";9;"0,5";4;"2";-999;"-999";"4,9";"1009,2";"1,1";"74";"4";"-2,4";"-4,5";"eor"
433;20220121;10;"11,8";"5,7";9;"2,2";4;"7,2";-999;"-999";"4,4";"1017,6";"0,2";"71";"3,4";"-2,9";"-5,6";"eor"
433;20220122;10;"10,1";"3,4";9;"0,6";4;"0,8";-999;"-999";"6,4";"1021";"3";"84";"4,4";"1,3";"-0,4";"eor"
433;20220123;10;"6,9";"3,2";9;"0,8";4;"0";-999;"-999";"8,4";"1026,2";"5,4";"93";"6,7";"4,4";"3,9";"eor"
433;20220124;10;"7,1";"2,7";9;"0,2";4;"0";-999;"-999";"8,2";"1028,1";"5,3";"91";"6,6";"4,2";"3,7";"eor"
433;20220125;10;"7,5";"3,8";9;"1,4";4;"0,1";-999;"-999";"7,4";"1025,3";"4";"91";"4,6";"3";"2,5";"eor"
433;20220126;10;"11";"4,7";9;"0,3";4;"0";-999;"-999";"6,7";"1021,1";"2,9";"90";"4";"1,8";"1,2";"eor"
433;20220127;10;"18,4";"6,3";9;"0,8";4;"0";-999;"-999";"7";"1009,8";"4,4";"84";"6,3";"3";"2,6";"eor"
433;20220128;10;"18,5";"7,8";9;"1,2";4;"4,9";-999;"-999";"6";"1016,8";"4,9";"69";"6,5";"3,3";"0,6";"eor"
433;20220129;10;"26";"6,8";9;"5,7";4;"0";-999;"-999";"7,8";"1009";"5,8";"84";"9,6";"2,7";"1,6";"eor"
433;20220130;10;"24,9";"10,6";9;"0";4;"0";-999;"-999";"5,7";"1007";"5,8";"62";"6,9";"4,1";"3,2";"eor"
433;20220131;10;"11,8";"3";9;"0,4";4;"0";-999;"-999";"5,5";"1001,6";"2,9";"74";"4,7";"-0,1";"-4,8";"eor"
433;20220201;10;"19,4";"6,4";9;"4,4";4;"0";-999;"-999";"6,7";"999,7";"3,4";"86";"6,5";"1,3";"0,1";"eor"
433;20220202;10;"22,4";"8,3";9;"0,1";4;"1,5";-999;"-999";"6,4";"1002,4";"4,9";"74";"6,7";"1,5";"-0,7";"eor"
433;20220203;10;"11,7";"3,7";9;"4,1";4;"0";-999;"-999";"7,7";"1009,6";"4,5";"90";"6,8";"1,4";"-0,5";"eor"
433;20220204;10;"23,7";"7,6";9;"0,8";4;"0";-999;"-999";"8,1";"1001,8";"6,6";"83";"8,2";"3,2";"2,3";"eor"
433;20220205;10;"14,2";"7,6";9;"3,5";4;"1,9";-999;"-999";"6,2";"1007,3";"4,5";"74";"6,4";"1,3";"0,3";"eor"
433;20220206;10;"18,1";"8,8";9;"8";4;"0";-999;"-999";"7,4";"993,9";"5,4";"82";"7,7";"4";"3";"eor"
433;20220207;10;"18,5";"9,1";9;"0,2";4;"1,8";-999;"-999";"6,1";"1004,1";"3,9";"76";"6,8";"2,1";"0,8";"eor"
433;20220208;10;"13,8";"6,8";9;"1,4";4;"0";-999;"-999";"8,4";"1015,8";"6,2";"87";"9,2";"2,7";"1,1";"eor"
433;20220209;10;"12,7";"6,5";9;"0";4;"0";-999;"-999";"9,4";"1016,6";"9";"82";"10";"8,4";"7,5";"eor"
433;20220210;10;"14,1";"5";9;"0,8";4;"0,1";-999;"-999";"8,3";"1012,3";"7,5";"80";"10,5";"3,1";"2,1";"eor"
433;20220211;10;"12,1";"4,8";9;"0,1";4;"2,2";-999;"-999";"6,6";"1016,6";"3,8";"81";"6,1";"0,2";"-3,6";"eor"
433;20220212;10;"11,6";"4,5";9;"0";0;"8,1";-999;"-999";"5";"1024,7";"1,1";"76";"5,4";"-2,7";"-7,6";"eor"
433;20220213;10;"12,7";"4,9";9;"0";0;"8,2";-999;"-999";"5,4";"1010,8";"3,5";"69";"8";"-0,8";"-4,2";"eor"
433;20220214;10;"14,5";"5,7";9;"0";0;"7,1";-999;"-999";"5,9";"1000,6";"7,9";"56";"13,8";"2,9";"-0,1";"eor"
433;20220215;10;"10,3";"4,3";9;"1";4;"2,1";-999;"-999";"7,2";"1003,2";"7,4";"71";"10,6";"5";"1,9";"eor"
433;20220216;10;"19,7";"6,1";9;"8,6";4;"0";-999;"-999";"8,6";"991,5";"7,5";"82";"12,9";"4,7";"3,5";"eor"
433;20220217;10;"25,9";"10,5";9;"1,2";4;"1,4";-999;"-999";"7,5";"986,3";"8,1";"69";"13";"5";"3,1";"eor"
433;20220218;10;"27,9";"6,3";9;"3,5";4;"1,2";-999;"-999";"7,3";"994,2";"6,8";"73";"10,9";"4";"2,2";"eor"
433;20220219;10;"27";"8,8";9;"3,2";4;"1";-999;"-999";"5,4";"999";"6,1";"57";"8,3";"3,5";"0,2";"eor"
433;20220220;10;"14,8";"5,3";9;"6,5";4;"0,3";-999;"-999";"7,9";"997,6";"5,5";"86";"9";"2,2";"1,8";"eor"
433;20220221;10;"21,6";"7,4";9;"3,4";4;"0,4";-999;"-999";"7";"988,1";"5,7";"76";"10,5";"3,2";"1,8";"eor"
433;20220222;10;"15,3";"6,3";9;"1,7";4;"3,5";-999;"-999";"6,8";"1004,1";"5,8";"74";"8,2";"4,1";"2,3";"eor"
433;20220223;10;"16,2";"5,8";9;"0";0;"5,4";-999;"-999";"6,7";"1013,9";"6,5";"69";"10,3";"2,4";"-3,7";"eor"
433;20220224;10;"18,3";"4,3";9;"0,3";4;"0,9";-999;"-999";"6,5";"1006";"5,9";"70";"10,3";"1,2";"-2,1";"eor"
433;20220225;10;"14,1";"5,5";9;"2,2";4;"3";-999;"-999";"6,1";"1010,6";"4,4";"73";"7,5";"2,1";"0,4";"eor"
433;20220226;10;"8,9";"3,8";9;"0";0;"0,1";-999;"-999";"6,3";"1025,6";"4,1";"77";"6,7";"-0,2";"-5";"eor"
433;20220227;10;"5,7";"2,4";9;"0";0;"4,1";-999;"-999";"5,8";"1031,6";"0,5";"92";"4,4";"-1,9";"-7,3";"eor"
433;20220228;10;"7,1";"2,6";9;"0";0;"7";-999;"-999";"4,9";"1030,6";"1,7";"72";"6";"-0,9";"-3,7";"eor"
433;20220301;10;"7,3";"2,9";9;"0";0;"9,6";-999;"-999";"3,7";"1026,8";"2,1";"54";"7,8";"-2,5";"-8,1";"eor"
433;20220302;10;"4,3";"1,3";9;"0";0;"7,7";-999;"-999";"4,1";"1020,1";"2,1";"60";"9";"-3";"-8,6";"eor"
433;20220303;10;"6,7";"2,5";9;"0";0;"1,5";-999;"-999";"4,9";"1016";"-0,4";"82";"2,3";"-3,6";"-9,3";"eor"
433;20220304;10;"7,3";"2,7";9;"0";0;"0,1";-999;"-999";"5,2";"1018,3";"1,8";"75";"4,4";"-0,6";"-6,4";"eor"
433;20220305;10;"6,7";"2,1";9;"0";0;"7";-999;"-999";"4,6";"1019,2";"0,8";"72";"6";"-2,3";"-8,9";"eor"
433;20220306;10;"7,1";"2,9";9;"0";0;"0";-999;"-999";"4";"1019,6";"0,9";"61";"2,2";"-0,4";"-1,9";"eor"
433;20220307;10;"9,6";"3,5";9;"0";0;"10,3";-999;"-999";"4,8";"1019,9";"3,2";"63";"9";"-2,5";"-8";"eor"
433;20220308;10;"3,8";"1";9;"0";0;"10,4";-999;"-999";"5";"1020,1";"3,8";"66";"11,2";"-2,8";"-9,2";"eor"
433;20220309;10;"6";"1,5";9;"0";0;"10,4";-999;"-999";"5,1";"1020,6";"5";"62";"12,1";"-2,5";"-8,5";"eor"
433;20220310;10;"10,3";"3,9";9;"0";0;"9,8";-999;"-999";"4,8";"1025";"4,1";"60";"9,3";"-0,6";"-7,1";"eor"
433;20220311;10;"12,7";"5,7";9;"0";0;"10,6";-999;"-999";"2,7";"1023,4";"3";"37";"8,6";"-2,2";"-4,7";"eor"
433;20220312;10;"9,9";"4,4";9;"0";0;"10,6";-999;"-999";"2,7";"1019,7";"4,8";"33";"12";"-2,1";"-4,7";"eor"
433;20220313;10;"9,9";"4,3";9;"0";0;"10,7";-999;"-999";"2,9";"1016,8";"6,6";"31";"13,3";"-1,2";"-4,6";"eor"
433;20220314;10;"8,6";"3,6";9;"1,3";4;"7,4";-999;"-999";"5";"1019,3";"7,6";"48";"13,7";"1,8";"-1,6";"eor"
433;20220315;10;"5,2";"2";9;"0";0;"4,5";-999;"-999";"8,4";"1021";"8,5";"77";"12,6";"2,5";"-1";"eor"
433;20220316;10;"7,1";"3,1";9;"0";0;"10";-999;"-999";"7,9";"1022,2";"6,5";"81";"11,3";"3,1";"-3,9";"eor"
433;20220317;10;"8,9";"3,4";9;"0";4;"0";-999;"-999";"7,6";"1024,3";"7,7";"73";"11,9";"4";"0,7";"eor"
433;20220318;10;"8,8";"3,8";9;"0";0;"9,2";-999;"-999";"6,7";"1035,8";"8,6";"62";"13,3";"5,5";"0,2";"eor"
433;20220319;10;"12,9";"5,2";9;"0";0;"9,5";-999;"-999";"5,8";"1037,5";"6,3";"61";"10,9";"1";"-3";"eor"
433;20220320;10;"13,9";"5,3";9;"0";0;"11";-999;"-999";"3,6";"1033,1";"6,6";"39";"12,7";"0,4";"-1,7";"eor"
433;20220321;10;"11,2";"3,7";9;"0";0;"11";-999;"-999";"3,5";"1030,6";"7,6";"35";"14,1";"0,9";"-2,8";"eor"
433;20220322;10;"7,4";"2,3";9;"0";0;"11,3";-999;"-999";"3,7";"1028,5";"8,8";"36";"17,5";"1";"-8";"eor"
433;20220323;10;"7,5";"2,1";9;"0";0;"11,3";-999;"-999";"4,8";"1024,8";"9,9";"41";"19,6";"0,7";"-7,7";"eor"
433;20220324;10;"4,3";"1,6";9;"0";0;"11,4";-999;"-999";"4,9";"1023,6";"8,6";"47";"16,5";"0,7";"-9,1";"eor"
433;20220325;10;"7,9";"2,1";9;"0";0;"9,6";-999;"-999";"6,6";"1023,1";"10";"54";"17,3";"1,7";"-6,1";"eor"
433;20220326;10;"10,9";"4,3";9;"0";0;"3,8";-999;"-999";"8,5";"1022,8";"9,4";"72";"13,9";"5";"-3,4";"eor"
433;20220327;10;"7,2";"1,8";9;"0";0;"11,1";-999;"-999";"7,9";"1024,1";"9,7";"69";"16,4";"1,6";"-5,8";"eor"
433;20220328;10;"11";"4,2";9;"0";0;"11,7";-999;"-999";"7,8";"1014";"10,8";"62";"17,2";"5,3";"-0,4";"eor"
433;20220329;10;"11,5";"4,9";9;"0";0;"7,9";-999;"-999";"6,1";"1004,4";"8";"59";"12,9";"3,6";"-3,8";"eor"
433;20220330;10;"10";"3";9;"0";4;"0,6";-999;"-999";"5";"999,6";"5,3";"57";"9,2";"1,4";"-5,9";"eor"
433;20220331;10;"17,8";"6,8";9;"0";4;"5,5";-999;"-999";"3,8";"998,5";"3,8";"48";"7,3";"-1";"-2,4";"eor"
433;20220401;10;"16,2";"7,9";9;"0";0;"4,5";-999;"-999";"3,3";"1000,5";"3,7";"42";"7,6";"0,3";"-2,2";"eor"
433;20220402;10;"14";"6,3";9;"0";4;"2,2";-999;"-999";"4,1";"1008,1";"2,1";"58";"6,5";"-2,2";"-7";"eor"
433;20220403;10;"12,9";"4";9;"0,1";4;"3,7";-999;"-999";"4,4";"1011,7";"2,8";"59";"8";"-3,9";"-10,6";"eor"
433;20220404;10;"17,4";"6,4";9;"9,7";4;"1,2";-999;"-999";"6,1";"1000";"3,9";"76";"8,1";"1";"-1,4";"eor"
433;20220405;10;"14,6";"5";9;"3,4";4;"1,7";-999;"-999";"7,8";"995,1";"7";"78";"9,1";"4,8";"3,5";"eor"
433;20220406;10;"13,2";"4,7";9;"0,1";4;"0";-999;"-999";"9,2";"993,4";"10,5";"73";"12,5";"8,8";"8";"eor"
433;20220407;10;"19,3";"6";9;"8,5";4;"2,9";-999;"-999";"8,6";"981,3";"10,2";"69";"14,5";"6,2";"4,7";"eor"
433;20220408;10;"18,8";"6";9;"0,8";4;"2,1";-999;"-999";"6,6";"987,6";"7";"66";"9,4";"2,8";"-0,6";"eor"
433;20220409;10;"18,6";"5,7";9;"0,4";4;"6";-999;"-999";"6,3";"997,9";"5,7";"70";"10,2";"2,6";"0,9";"eor"
433;20220410;10;"13,7";"5,2";9;"0,9";4;"3,4";-999;"-999";"6,3";"1009,4";"5,1";"72";"8,9";"2,6";"1,2";"eor"
433;20220411;10;"10";"3,3";9;"0";0;"9,7";-999;"-999";"5,7";"1013,4";"7,1";"59";"12,7";"1,9";"-3,5";"eor"
433;20220412;10;"8,7";"3,2";9;"0";0;"11,9";-999;"-999";"5,7";"1012,7";"9,9";"49";"16,5";"1,3";"-5,5";"eor"
433;20220413;10;"7,4";"3";9;"0";0;"8,8";-999;"-999";"7,2";"1011,7";"14,2";"46";"21,7";"6,1";"4";"eor"
433;20220414;10;"7,9";"2,6";9;"4,2";4;"2,6";-999;"-999";"11,3";"1013,3";"12,5";"78";"16,8";"8,1";"3,3";"eor"
433;20220415;10;"11,1";"5,4";9;"0,4";4;"0";-999;"-999";"9,2";"1018,8";"7,9";"85";"10,8";"2,8";"0,8";"eor"
433;20220416;10;"10,9";"4,5";9;"0";0;"10";-999;"-999";"5,5";"1027,8";"6,6";"59";"12,7";"1,7";"-3,7";"eor"
433;20220417;10;"8";"2,8";9;"0";0;"12,8";-999;"-999";"5,7";"1023,6";"8,4";"53";"15,1";"0,7";"-5,6";"eor"
433;20220418;10;"8,5";"2,9";9;"0";0;"12,5";-999;"-999";"6,2";"1014,3";"9,2";"56";"15,5";"2,4";"-4,5";"eor"
433;20220419;10;"11,9";"4,6";9;"0";4;"9,2";-999;"-999";"6,2";"1009,9";"8,7";"56";"13,5";"3,1";"-0,3";"eor"
433;20220420;10;"11,1";"4";9;"0,2";4;"2,3";-999;"-999";"7,7";"1010,1";"9,5";"65";"14,2";"5,6";"1,1";"eor"
433;20220421;10;"7,3";"2,8";9;"0,1";4;"0,1";-999;"-999";"9,5";"1007,9";"9,5";"79";"12";"6,9";"5";"eor"
433;20220422;10;"11,3";"4,1";9;"0";4;"0,6";-999;"-999";"8,9";"1005,1";"9,5";"75";"13,7";"4,7";"1";"eor"
433;20220423;10;"10,4";"4,7";9;"0";0;"11,2";-999;"-999";"7,5";"1004,3";"11,5";"57";"17,6";"4,4";"0,3";"eor"
433;20220424;10;"11,6";"5,2";9;"0,3";4;"7,7";-999;"-999";"8,2";"999,5";"11,1";"64";"17,2";"4,8";"2";"eor"
433;20220425;10;"9,3";"4";9;"0";0;"6,1";-999;"-999";"8,3";"1005,6";"8,8";"74";"13,7";"5,1";"0,4";"eor"
433;20220426;10;"7,7";"2,3";9;"0";4;"10,5";-999;"-999";"7,2";"1011,1";"11,5";"56";"17,4";"3,7";"-2,6";"eor"
433;20220427;10;"9,9";"3,1";9;"0";4;"9,5";-999;"-999";"7,2";"1017,7";"12,1";"53";"17,9";"6,2";"-1,1";"eor"
433;20220428;10;"11,1";"2,4";9;"0";0;"9,5";-999;"-999";"7,7";"1022,2";"11,5";"59";"17,6";"4,9";"-2,3";"eor"
433;20220429;10;"6,5";"1,4";9;"0";4;"11,5";-999;"-999";"7,2";"1021,5";"12,9";"51";"19,2";"5,3";"-2,7";"eor"
433;20220430;10;"7";"2";9;"0";0;"5,1";-999;"-999";"7,9";"1017";"13,1";"54";"19,8";"7,2";"2";"eor"
433;20220501;10;"6,9";"3,2";9;"0";4;"4,5";-999;"-999";"8,1";"1016,4";"11,7";"60";"15,4";"6,2";"-0,9";"eor"
433;20220502;10;"8,1";"2,1";9;"0";0;"12,4";-999;"-999";"8,3";"1013,2";"13,4";"55";"19,5";"6,6";"-0,4";"eor"
433;20220503;10;"8";"2,5";9;"0";0;"8,3";-999;"-999";"8,4";"1011,1";"13";"57";"18,4";"7,7";"0,9";"eor"
433;20220504;10;"4,8";"1,5";9;"0,6";4;"2,5";-999;"-999";"9,8";"1011,8";"14,2";"62";"19,4";"6,5";"-0,4";"eor"
433;20220505;10;"7,6";"3,1";9;"0";0;"6,1";-999;"-999";"10,1";"1014,3";"14,3";"63";"18,9";"9,4";"1,2";"eor"
433;20220506;10;"6,1";"1,6";9;"0";0;"9,2";-999;"-999";"9,5";"1018,2";"14,4";"60";"20";"6,5";"-1,2";"eor"
433;20220507;10;"10,4";"3";9;"1";4;"8,4";-999;"-999";"10,6";"1016,2";"17";"56";"22,7";"10,2";"3,6";"eor"
433;20220508;10;"9,1";"3,5";9;"0";0;"11,7";-999;"-999";"8,8";"1019,6";"14,9";"54";"19,7";"8,5";"2,6";"eor"
433;20220509;10;"7,1";"2,7";9;"0";0;"14,2";-999;"-999";"8,6";"1021,5";"14,6";"55";"21,3";"6,4";"-1,3";"eor"
433;20220510;10;"9,4";"2,9";9;"0";4;"11,2";-999;"-999";"9,8";"1012,8";"19,7";"45";"26,9";"10";"6";"eor"
433;20220511;10;"16,3";"4";9;"3,3";4;"4,9";-999;"-999";"14,1";"1004,6";"21,7";"57";"28,9";"15,7";"11,7";"eor"
433;20220512;10;"15,5";"4,8";9;"0";0;"7,4";-999;"-999";"10,8";"1008,7";"16,6";"58";"20,4";"13,2";"8,1";"eor"
433;20220513;10;"12,5";"4";9;"0";4;"5,9";-999;"-999";"9,5";"1011,2";"15,2";"56";"19,1";"9,6";"2,1";"eor"
433;20220514;10;"11,5";"4,6";9;"0";0;"5,8";-999;"-999";"10,3";"1013,3";"15,7";"58";"20,7";"10,9";"2,6";"eor"
433;20220515;10;"6,1";"2,1";9;"0";0;"14,3";-999;"-999";"9,3";"1015,7";"15,4";"56";"22,1";"7,9";"-0,4";"eor"
433;20220516;10;"8,1";"3,8";9;"5,8";4;"12,3";-999;"-999";"9,9";"1012,7";"18,6";"49";"26";"9,9";"7,4";"eor"
433;20220517;10;"6,9";"2,2";9;"0,6";4;"3,3";-999;"-999";"13,5";"1014,4";"17,3";"69";"22";"12,9";"10,8";"eor"
433;20220518;10;"8,7";"3,9";9;"0";0;"13,5";-999;"-999";"10,1";"1019,1";"18,5";"47";"24,6";"11,1";"9,2";"eor"
433;20220519;10;"8";"3,1";9;"0";0;"12,8";-999;"-999";"12,3";"1014,3";"22,3";"47";"28,7";"14,5";"12,7";"eor"
433;20220520;10;"16,9";"3,6";9;"9,7";4;"8,2";-999;"-999";"15,2";"1010,6";"20,5";"65";"25,9";"16,7";"14,7";"eor"
433;20220521;10;"17,4";"7,3";9;"1,7";4;"6,7";-999;"-999";"11,4";"1009,9";"15,6";"65";"19,1";"11,9";"9,6";"eor"
433;20220522;10;"7,5";"3,4";9;"0";0;"7,1";-999;"-999";"10,3";"1010,2";"14,6";"63";"19,5";"10,2";"6,2";"eor"
433;20220523;10;"10,8";"4,3";9;"1,8";4;"11,6";-999;"-999";"10,7";"1002,7";"17,7";"55";"23";"9,9";"4,1";"eor"
433;20220524;10;"13";"3,6";9;"0,1";4;"4";-999;"-999";"12,8";"999,6";"17,6";"64";"23";"11,8";"4,6";"eor"
433;20220525;10;"10";"2,7";9;"0";4;"7,7";-999;"-999";"10,7";"1008,2";"16,1";"60";"20,9";"9,6";"2,6";"eor"
433;20220526;10;"14,8";"5,3";9;"1,5";4;"3,8";-999;"-999";"11";"1010,5";"17,2";"56";"21,3";"13,9";"10,4";"eor"
433;20220527;10;"17,2";"6,5";9;"2,3";4;"6,4";-999;"-999";"11";"1008,4";"14";"69";"18,5";"8,5";"6,9";"eor"
433;20220528;10;"17,8";"6,9";9;"0,2";4;"3,9";-999;"-999";"9,3";"1007,2";"11,4";"70";"16,3";"8,6";"6,8";"eor"
433;20220529;10;"8,1";"2,9";9;"0,3";4;"1,6";-999;"-999";"9,8";"1005,7";"12";"70";"15,2";"9,6";"7,9";"eor"
433;20220530;10;"10,3";"3,4";9;"0";4;"2,7";-999;"-999";"9,7";"1006,6";"12,2";"69";"17,5";"7,9";"0,6";"eor"
433;20220531;10;"7,3";"1,9";9;"2,1";4;"10,6";-999;"-999";"9,5";"1008,7";"14,9";"59";"21";"7,9";"2";"eor"
433;20220601;10;"12,6";"3,3";9;"3,6";4;"7,8";-999;"-999";"11,1";"1007,6";"15,2";"66";"20,1";"11,9";"7,8";"eor"
433;20220602;10;"10,7";"3,5";9;"0";0;"8,2";-999;"-999";"9,8";"1014,3";"14,6";"61";"19,7";"10";"2,3";"eor"
433;20220603;10;"7,8";"2,2";9;"0";0;"14,1";-999;"-999";"10,3";"1014,4";"18,6";"52";"25,9";"7,9";"0,8";"eor"
433;20220604;10;"8,2";"3,8";9;"0";0;"5";-999;"-999";"11,4";"1013,9";"19";"52";"24,6";"12,2";"4,9";"eor"
433;20220605;10;"9,3";"3,2";9;"4,5";4;"13,7";-999;"-999";"12,1";"1012";"20,7";"52";"28,4";"10,1";"2,9";"eor"
433;20220606;10;"13,9";"2,6";9;"1,7";4;"5,4";-999;"-999";"16";"1008,1";"20,1";"69";"25,9";"14,7";"8,5";"eor"
433;20220607;10;"8,2";"2,3";9;"0";0;"7,4";-999;"-999";"12,3";"1006,8";"19,2";"58";"24,9";"13,1";"7,8";"eor"
433;20220608;10;"8,2";"2";9;"0";4;"5,5";-999;"-999";"13,6";"1002,8";"20,6";"57";"26,4";"14,2";"8,6";"eor"
433;20220609;10;"7,6";"3";9;"0,2";4;"2,1";-999;"-999";"14,5";"1005,9";"18,6";"67";"21,6";"15,7";"10,3";"eor"
433;20220610;10;"10,7";"3,7";9;"0";0;"14,1";-999;"-999";"11,5";"1015,5";"19,8";"52";"25,9";"12,8";"8,4";"eor"
433;20220611;10;"10,3";"2,9";9;"0,7";4;"3,8";-999;"-999";"12,8";"1015,4";"22,4";"48";"27,4";"16,5";"9,8";"eor"
433;20220612;10;"9,6";"2,9";9;"0";4;"7,8";-999;"-999";"13,1";"1013,5";"21";"55";"27";"15,3";"8";"eor"
433;20220613;10;"15,1";"5,1";9;"0";4;"8,4";-999;"-999";"10,5";"1012,4";"16,9";"55";"21,8";"12,2";"10";"eor"
433;20220614;10;"13,5";"3,9";9;"0";0;"7,9";-999;"-999";"9,7";"1016";"15,2";"57";"20,8";"10,5";"2,7";"eor"
433;20220615;10;"6,5";"2";9;"0";0;"13,6";-999;"-999";"10,5";"1013,6";"18,7";"52";"26,3";"8,7";"1,1";"eor"
433;20220616;10;"10,3";"4";9;"0";0;"11,6";-999;"-999";"11,3";"1013,1";"19,2";"52";"25,1";"13";"7,7";"eor"
433;20220617;10;"8,4";"2,6";9;"0";0;"11,2";-999;"-999";"10,9";"1017,1";"20,8";"46";"26,7";"13,2";"6,3";"eor"
433;20220618;10;"10,7";"3,6";9;"0";0;"13,7";-999;"-999";"14";"1009,6";"26,9";"41";"34,6";"17,7";"13,4";"eor"
433;20220619;10;"14,2";"5,2";9;"2,9";4;"10,1";-999;"-999";"16";"1002,7";"25,1";"54";"37,1";"14,7";"13,4";"eor"
433;20220620;10;"11,8";"3,3";9;"6,8";4;"2,5";-999;"-999";"13,3";"1006";"14,5";"80";"18,2";"11,5";"9,7";"eor"
433;20220621;10;"9,7";"3,8";9;"0";4;"12,7";-999;"-999";"11,1";"1007,8";"18,1";"57";"25";"10,7";"7,7";"eor"
433;20220622;10;"7,4";"2,2";9;"0";0;"15,4";-999;"-999";"10,9";"1006,8";"21,3";"47";"28,3";"11,7";"5,5";"eor"
433;20220623;10;"8,5";"3";9;"0";4;"15,4";-999;"-999";"12,6";"1008,3";"23,6";"47";"30,5";"14";"7,3";"eor"
433;20220624;10;"11,5";"3,7";9;"0";4;"11,1";-999;"-999";"14,2";"1003,6";"25,4";"46";"33,3";"18,5";"12,1";"eor"
433;20220625;10;"6,5";"1,8";9;"0";4;"5,9";-999;"-999";"19,8";"1005,6";"23,9";"68";"30,3";"19";"14,6";"eor"
433;20220626;10;"7,4";"2";9;"0";0;"10,4";-999;"-999";"18,6";"1008,3";"26,3";"57";"32,6";"18,5";"13,2";"eor"
433;20220627;10;"14,5";"4";9;"1,6";4;"12";-999;"-999";"17,8";"1007,7";"28,1";"50";"35,6";"20,4";"14,1";"eor"
433;20220628;10;"10,9";"3,8";9;"0";0;"6,1";-999;"-999";"15,4";"1014,2";"21,4";"63";"26,9";"17";"15,1";"eor"
433;20220629;10;"7,8";"3,9";9;"0";0;"6,9";-999;"-999";"13,7";"1011,5";"21,4";"55";"25,3";"16,4";"14,2";"eor"
433;20220630;10;"6,6";"2,8";9;"0";0;"8,4";-999;"-999";"18,1";"1006,9";"23,3";"63";"28,1";"18,9";"14,4";"eor"
433;20220701;10;"13,9";"4,4";9;"1,2";4;"3,2";-999;"-999";"18,1";"1009,5";"19,5";"80";"26,9";"15,1";"12,5";"eor"
433;20220702;10;"7,6";"2,2";9;"0";0;"13,9";-999;"-999";"12";"1016,8";"20,8";"53";"27,2";"13";"8,1";"eor"
433;20220703;10;"10,7";"2,9";9;"0,3";4;"13,7";-999;"-999";"12,5";"1011,6";"24,3";"43";"30,3";"15,8";"12,8";"eor"
433;20220704;10;"9,8";"3,9";9;"0";0;"11,2";-999;"-999";"13,1";"1012";"21,2";"54";"25,6";"15,6";"7,2";"eor"
433;20220705;10;"9,5";"3,3";9;"0,1";4;"11,5";-999;"-999";"11,2";"1014,1";"20,5";"48";"26";"14,4";"6,1";"eor"
433;20220706;10;"11";"4,6";9;"3,1";4;"4,6";-999;"-999";"10,6";"1015,3";"17,8";"53";"20,8";"14,7";"8,5";"eor"
433;20220707;10;"13,9";"3,7";9;"6,9";4;"0,7";-999;"-999";"15";"1011,7";"15,6";"84";"20,6";"12,7";"12,1";"eor"
433;20220708;10;"11,3";"4,9";9;"0";0;"3,1";-999;"-999";"13,3";"1019,2";"17,1";"69";"20,9";"14,4";"11,9";"eor"
433;20220709;10;"11,5";"4,3";9;"6,3";4;"1,9";-999;"-999";"13,4";"1016,4";"16,4";"71";"20,7";"12,5";"10,5";"eor"
433;20220710;10;"11,6";"5,3";9;"0";0;"2,2";-999;"-999";"10,5";"1013,6";"16,1";"58";"20,5";"13";"11,5";"eor"
433;20220711;10;"8,9";"3,8";9;"0";0;"10,5";-999;"-999";"11,5";"1014,9";"17,9";"58";"23,8";"11,7";"7,2";"eor"
433;20220712;10;"11,7";"3,5";9;"0";0;"13,3";-999;"-999";"11,8";"1016,5";"20,8";"51";"27,5";"12,2";"4,9";"eor"
433;20220713;10;"12,1";"3,4";9;"0";4;"2,9";-999;"-999";"14";"1012,1";"24,1";"49";"30,9";"16,8";"9,3";"eor"
433;20220714;10;"11,5";"4,8";9;"0";0;"11,6";-999;"-999";"11,1";"1011,2";"19,6";"50";"25";"14,7";"12,5";"eor"
433;20220715;10;"12,4";"4,9";9;"0";4;"3,7";-999;"-999";"10,4";"1013,3";"16,8";"56";"21,2";"12,2";"10,5";"eor"
433;20220716;10;"13,7";"5,7";9;"1,4";4;"6,4";-999;"-999";"10,6";"1013,6";"17,9";"54";"22,3";"13,8";"11,6";"eor"
433;20220717;10;"8,9";"3,3";9;"0";0;"12";-999;"-999";"10,5";"1020,1";"17,7";"53";"24,1";"11,1";"8,6";"eor"
433;20220718;10;"7,5";"1,7";9;"0";0;"10,9";-999;"-999";"11,8";"1017,7";"22,9";"44";"29,2";"14";"7,3";"eor"
433;20220719;10;"6,1";"1,9";9;"0";0;"14,6";-999;"-999";"11,8";"1013,7";"27,1";"37";"35,8";"15,4";"9,5";"eor"
433;20220720;10;"8,8";"2,6";9;"0";0;"13,8";-999;"-999";"13,4";"1011,7";"30";"34";"37,9";"19,3";"13,2";"eor"
433;20220721;10;"8,9";"3,2";9;"1,7";4;"6,1";-999;"-999";"17,3";"1010,9";"24,8";"56";"29,7";"20";"16,1";"eor"
433;20220722;10;"8,7";"3,4";9;"1,9";4;"6,2";-999;"-999";"17,4";"1012,2";"21,2";"69";"25,5";"17,4";"11,4";"eor"
433;20220723;10;"9,1";"3,1";9;"1,5";4;"6,4";-999;"-999";"13,7";"1012";"18,9";"64";"24,8";"14,6";"9,5";"eor"
433;20220724;10;"6,8";"2,2";9;"0";0;"14,7";-999;"-999";"11,9";"1013,5";"21,5";"49";"28,7";"12,8";"5,8";"eor"
433;20220725;10;"14,7";"3,8";9;"6,5";4;"10";-999;"-999";"15,4";"1004,6";"26";"49";"35,7";"18";"15,8";"eor"
433;20220726;10;"13,7";"4,1";9;"2,1";4;"5";-999;"-999";"16";"1007,2";"19,8";"69";"24,5";"16,3";"15,1";"eor"
433;20220727;10;"9,2";"3,9";9;"0";0;"3,9";-999;"-999";"10,4";"1011,9";"17,1";"54";"21,5";"12,6";"6,1";"eor"
433;20220728;10;"6,9";"1,9";9;"0";0;"13,6";-999;"-999";"10,7";"1013,9";"18,1";"54";"24,1";"10,5";"3,3";"eor"
433;20220729;10;"9,6";"4";9;"0";0;"9,1";-999;"-999";"11,6";"1011,8";"22";"46";"28,9";"14,7";"12,7";"eor"
433;20220730;10;"8,4";"2,8";9;"0";0;"7,5";-999;"-999";"12,4";"1010,8";"21,8";"48";"26,9";"16,6";"10,8";"eor"
433;20220731;10;"9,6";"2,1";9;"0";4;"10,4";-999;"-999";"13,9";"1009,1";"22,9";"53";"29";"13,8";"8,4";"eor"
433;20220801;10;"9,7";"4";9;"0";4;"1,5";-999;"-999";"17,1";"1008,9";"21,3";"68";"25,4";"17,5";"12,7";"eor"
433;20220802;10;"7,7";"1,9";9;"0";0;"9,8";-999;"-999";"13,1";"1012,2";"22,5";"50";"28,4";"16,5";"12,6";"eor"
433;20220803;10;"6,1";"1,6";9;"0";0;"13,7";-999;"-999";"13,4";"1010,1";"27";"40";"34,4";"19,1";"14,3";"eor"
433;20220804;10;"10,7";"2,2";9;"0";0;"13,7";-999;"-999";"14,6";"1007,5";"29,7";"38";"37,3";"18,9";"12,9";"eor"
433;20220805;10;"12,3";"4,4";9;"0,4";4;"2,8";-999;"-999";"17,4";"1008,7";"23,2";"61";"29,1";"16";"15";"eor"
433;20220806;10;"11,4";"4";9;"0";0;"11,3";-999;"-999";"10,3";"1019,1";"18";"52";"23,8";"13,2";"4,9";"eor"
433;20220807;10;"6";"1,6";9;"0";0;"11,1";-999;"-999";"9,5";"1019,1";"19";"46";"25,5";"11,5";"3,5";"eor"
433;20220808;10;"7,6";"2,3";9;"0";0;"9,4";-999;"-999";"10,1";"1018,6";"21,2";"42";"28,3";"13,1";"5,3";"eor"
433;20220809;10;"8";"3,6";9;"0";0;"9,2";-999;"-999";"12,1";"1021,1";"22,3";"47";"28,2";"16,6";"10,9";"eor"
433;20220810;10;"7,4";"2,5";9;"0";4;"13,8";-999;"-999";"11,8";"1020,7";"22,2";"48";"29,1";"14,3";"7,4";"eor"
433;20220811;10;"7,4";"2,7";9;"0";0;"13,5";-999;"-999";"11";"1017,6";"23,6";"40";"30,1";"14,9";"9,5";"eor"
433;20220812;10;"10,6";"2,8";9;"0";0;"13,1";-999;"-999";"12";"1015,6";"23,9";"43";"30,2";"15,5";"8,8";"eor"
433;20220813;10;"9,7";"2,3";9;"0,2";4;"2,4";-999;"-999";"16,2";"1012,1";"24";"54";"29,4";"18,6";"13";"eor"
433;20220814;10;"10";"2,7";9;"0";0;"12,2";-999;"-999";"16,6";"1005,3";"26,3";"51";"32,4";"20,2";"16,7";"eor"
433;20220815;10;"13,8";"3";9;"20,4";4;"7";-999;"-999";"19,7";"999,7";"23,8";"69";"31,7";"19,3";"16";"eor"
433;20220816;10;"6,9";"1,6";9;"0";0;"10,5";-999;"-999";"18,5";"1003,1";"24";"65";"30,3";"18,1";"14,8";"eor"
433;20220817;10;"5,4";"1,7";9;"0";0;"9,6";-999;"-999";"16,3";"1005,4";"26,3";"51";"32,3";"18,1";"14";"eor"
433;20220818;10;"15,3";"2,6";9;"12,9";4;"5,4";-999;"-999";"18,3";"1004,4";"25,7";"58";"34,4";"20,1";"16";"eor"
433;20220819;10;"8,8";"4,2";9;"0,8";4;"0,6";-999;"-999";"22";"1004,7";"21,7";"85";"24";"19,9";"19,2";"eor"
433;20220820;10;"7,2";"3,1";9;"1";4;"0";-999;"-999";"20,3";"1008,4";"20,2";"86";"22,1";"19,3";"18,2";"eor"
433;20220821;10;"7,9";"3,1";9;"0";0;"6";-999;"-999";"14,6";"1009,9";"19,8";"65";"25,3";"15,3";"10,3";"eor"
433;20220822;10;"7,9";"2,3";9;"0";0;"2,5";-999;"-999";"14,4";"1011,4";"19,6";"65";"24,4";"13,7";"9,6";"eor"
433;20220823;10;"8,4";"3,3";9;"0";4;"4,1";-999;"-999";"16,7";"1012,8";"20,9";"69";"25,9";"17,5";"12,8";"eor"
433;20220824;10;"6,6";"2,2";9;"0";0;"7,4";-999;"-999";"19,4";"1015";"21,5";"76";"27,5";"16,3";"11,8";"eor"
433;20220825;10;"9";"2,9";9;"0";0;"6";-999;"-999";"20,6";"1013";"22,5";"77";"28,2";"17,3";"14,2";"eor"
433;20220826;10;"11,2";"2,5";9;"17,4";4;"3,9";-999;"-999";"21,4";"1007,6";"22";"82";"29,2";"19,1";"16,6";"eor"
433;20220827;10;"10";"3,8";9;"5,4";4;"0,8";-999;"-999";"21,3";"1006,5";"20,5";"89";"24,2";"18,2";"17,8";"eor"
433;20220828;10;"8";"4,2";9;"0";4;"4,5";-999;"-999";"16";"1010,6";"17,7";"79";"21,8";"14,8";"12,6";"eor"
433;20220829;10;"-999";"-999";9;"0";0;"4,7";-999;"-999";"-999";"-999";"16,8";"-999";"23,5";"12,9";"11";"eor"
433;20220830;10;"-999";"-999";9;"0";0;"6";-999;"-999";"-999";"-999";"17,5";"-999";"23";"13,2";"11";"eor"
433;20220831;10;"-999";"-999";9;"0";0;"9,5";-999;"-999";"-999";"-999";"17,9";"-999";"22,9";"13,5";"11,5";"eor"
433;20220901;10;"-999";"-999";9;"0";0;"10,7";-999;"-999";"-999";"-999";"17,1";"-999";"23";"13";"10";"eor"
433;20220902;10;"11,4";"-999";9;"0";0;"6,9";-999;"-999";"-999";"-999";"17";"-999";"22,1";"11,5";"9,4";"eor"
433;20220903;10;"10,2";"4,1";9;"0";0;"6,4";-999;"-999";"9,9";"1012,9";"16,7";"54";"22,5";"10,7";"8,7";"eor"
433;20220904;10;"9,8";"4,1";9;"0";0;"12,2";-999;"-999";"10,8";"1016,1";"18,3";"52";"24,5";"12,8";"10,8";"eor"
433;20220905;10;"9,9";"4,5";9;"0";0;"12,4";-999;"-999";"11,9";"1018,6";"18,5";"56";"24,1";"13,2";"11,3";"eor"
433;20220906;10;"10,2";"4,5";9;"0";0;"7";-999;"-999";"10,9";"1014,5";"18,1";"52";"22,6";"13,2";"11,7";"eor"
433;20220907;10;"9,5";"3,4";9;"0";0;"6,8";-999;"-999";"13,8";"1008,6";"19,5";"60";"25,7";"13,6";"11,3";"eor"
433;20220908;10;"7,6";"3";9;"13,2";4;"0,1";-999;"-999";"14,9";"1003,8";"16,5";"79";"18";"14,8";"11,6";"eor"
433;20220909;10;"7,5";"2,2";9;"0";4;"7,5";-999;"-999";"15";"1005,6";"17,6";"76";"23,1";"13,4";"11";"eor"
433;20220910;10;"7,3";"2,1";9;"0,9";4;"9,5";-999;"-999";"14,4";"1006,3";"16,9";"76";"21,9";"12,5";"9,7";"eor"
433;20220911;10;"8";"3";9;"0";4;"-999";-999;"-999";"14,9";"1010,2";"15,7";"84";"19,7";"12,9";"8,5";"eor"
433;20220912;10;"-999";"-999";9;"0";0;"-999";-999;"-999";"-999";"1010,7";"15,5";"-999";"21";"11";"6,4";"eor"
433;20220913;10;"7,7";"-999";9;"1,5";4;"-999";-999;"-999";"-999";"1003";"15,3";"-999";"20,3";"13,8";"10,6";"eor"
433;20220914;10;"6,1";"-999";9;"0";0;"-999";-999;"-999";"-999";"999,5";"15,2";"-999";"18,9";"12";"10,4";"eor"
433;20220915;10;"12,2";"4,3";9;"0,1";4;"-999";0;"-999";"12,7";"997,9";"14,5";"77";"18,6";"11,9";"10,4";"eor"
433;20220916;10;"13,8";"5,6";9;"3,2";4;"-999";-999;"-999";"10,5";"998,3";"13,6";"69";"18,3";"10,5";"9,4";"eor"
433;20220917;10;"15,6";"5,6";9;"2,4";4;"-999";-999;"-999";"11,4";"998,9";"12,4";"80";"16,5";"10";"9,6";"eor"
433;20220918;10;"14,1";"5,4";9;"4,9";4;"-999";-999;"-999";"10,5";"1000,8";"10,9";"81";"14,7";"8,8";"7,7";"eor"
433;20220919;10;"11,8";"4,3";9;"10";4;"-999";-999;"-999";"11,4";"1006,1";"10,8";"88";"16,1";"8,5";"6,9";"eor"
433;20220920;10;"17,3";"3,5";9;"5,5";6;"-999";-999;"-999";"10,9";"1013,9";"10,5";"86";"15,1";"7";"3,5";"eor"
433;20220921;10;"7,6";"2,3";9;"0";6;"-999";0;"3";"10,4";"1019,4";"11,1";"80";"16,6";"6,2";"2,7";"eor"
433;20220922;10;"6,1";"1,3";9;"0";0;"-999";0;"2,8";"9,4";"1018,4";"11,1";"73";"16,7";"5,4";"1,7";"eor"
433;20220923;10;"5,8";"1,7";9;"0";6;"-999";0;"6,3";"9,2";"1012,8";"11,4";"71";"17,6";"3,9";"0,1";"eor"
433;20220924;10;"4,9";"2";9;"0";6;"-999";0;"7,9";"11,2";"1007,8";"12,6";"76";"16,5";"9,1";"6,7";"eor"
433;20220925;10;"6,6";"2,4";9;"0";6;"-999";0;"7,9";"11,8";"1005,4";"14,3";"73";"19,5";"10,9";"9,6";"eor"
433;20220926;10;"10";"3,2";9;"0,7";6;"-999";0;"7,5";"10,6";"997,8";"13,6";"69";"17,3";"10,8";"9,6";"eor"
433;20220927;10;"11,7";"3";9;"5";6;"-999";0;"7,7";"11,3";"989,8";"11,2";"85";"13,7";"7,9";"6,6";"eor"
433;20220928;10;"7";"2,3";9;"0";6;"-999";0;"-999";"9,8";"991,4";"9,4";"83";"12,3";"7,1";"5";"eor"
433;20220929;10;"5,6";"1,9";9;"0";0;"-999";0;"8";"9,7";"997,8";"9,6";"82";"14,7";"5,2";"1,6";"eor"
433;20220930;10;"7,7";"1,8";9;"0";6;"-999";0;"0,9";"9,4";"1005,1";"10,7";"75";"17,5";"3,2";"-0,1";"eor"
433;20221001;10;"13,1";"3,7";9;"2,8";6;"-999";0;"6";"11";"1001,5";"10,4";"87";"13,2";"7";"4,4";"eor"
433;20221002;10;"12,8";"4,6";9;"2";6;"-999";0;"3,6";"12,1";"1007,6";"12,5";"83";"16,7";"10";"8,7";"eor"
433;20221003;10;"13,6";"6,1";9;"0";6;"-999";0;"7,5";"12,1";"1014,7";"13,1";"81";"16";"10,9";"10,2";"eor"
433;20221004;10;"9,3";"3,3";9;"0";0;"-999";0;"7,5";"12,2";"1015,4";"13,6";"79";"17,7";"10,7";"8,6";"eor"
433;20221005;10;"9,6";"3,3";9;"0";6;"-999";0;"5,9";"12";"1011,6";"14,5";"73";"20,2";"9,9";"7,1";"eor"
433;20221006;10;"13,5";"4,4";9;"0";0;"-999";0;"2,4";"11,2";"1020";"14,9";"66";"17,9";"6,7";"1,5";"eor"
433;20221007;10;"8,3";"2,1";9;"0";0;"-999";0;"4,7";"9,3";"1017,9";"11,8";"70";"18,1";"5";"0,7";"eor"
433;20221008;10;"12,3";"3,9";9;"0,3";6;"-999";0;"5";"11";"1012,5";"11,6";"81";"15,7";"8,7";"5,6";"eor"
433;20221009;10;"5,6";"2,3";9;"0";0;"-999";0;"2";"9,7";"1019,4";"10,6";"77";"15,9";"5,2";"0,7";"eor"
433;20221010;10;"10,6";"3,5";9;"0";6;"-999";0;"6";"10,1";"1011,9";"11,6";"74";"17,5";"5,8";"3,8";"eor"
433;20221011;10;"9,3";"2,9";9;"0";0;"-999";0;"3,6";"9,7";"1018,9";"10,2";"79";"15,5";"4,2";"-0,4";"eor"
433;20221012;10;"6,3";"1,7";9;"0";0;"-999";0;"0,4";"8,7";"1019,6";"9,3";"76";"15,6";"2,3";"-1,6";"eor"
433;20221013;10;"7,5";"2";9;"0";0;"-999";0;"6,4";"10,4";"1013,2";"10,6";"82";"17,2";"4,9";"1,6";"eor"
433;20221014;10;"6,5";"2";9;"0,1";6;"-999";0;"6,9";"11,9";"1008,2";"12,3";"84";"17,4";"4,5";"1,2";"eor"
433;20221015;10;"6,9";"2,4";9;"0";6;"-999";0;"7";"14,7";"1003,2";"15";"86";"18,9";"12,3";"10,9";"eor"
433;20221016;10;"8,4";"2,5";9;"0";0;"-999";0;"7,1";"13,9";"1010,8";"15,6";"79";"20,6";"9,8";"6,7";"eor"
433;20221017;10;"8,4";"2,5";9;"1,2";6;"-999";0;"7,6";"15,3";"1016,7";"17,9";"76";"24,8";"11,8";"9,1";"eor"
433;20221018;10;"7,2";"2,3";9;"10,7";6;"-999";0;"6";"15,2";"1019,5";"14,5";"91";"17,2";"10,2";"7,9";"eor"
433;20221019;10;"9,3";"3,1";9;"0";6;"-999";0;"4,8";"9,9";"1021,2";"10,6";"78";"14,1";"5,1";"0,6";"eor"
433;20221020;10;"11,7";"3,8";9;"1,3";6;"-999";0;"6,8";"8,5";"1016";"8,6";"78";"14,3";"2,8";"0,6";"eor"
433;20221021;10;"6,9";"2,9";9;"1,8";6;"-999";0;"7,8";"12,4";"1006";"12,1";"87";"15,6";"8,1";"7,3";"eor"
433;20221022;10;"7";"2,4";9;"0";6;"-999";0;"6,5";"14,9";"1007,5";"15";"88";"18,9";"12,6";"11,5";"eor"
433;20221023;10;"8,1";"2,6";9;"2,4";6;"-999";0;"7,8";"13,8";"1009,1";"14,5";"84";"18,9";"9";"6,4";"eor"
433;20221024;10;"10,2";"3,2";9;"0,7";6;"-999";0;"7,4";"14,6";"1004,5";"15,5";"83";"19,2";"12";"9,4";"eor"
433;20221025;10;"10,6";"3,1";9;"0";6;"-999";0;"5,8";"13,3";"1009,3";"13,7";"85";"17,6";"8,6";"4,7";"eor"
433;20221026;10;"5,8";"1,8";9;"0";0;"-999";0;"4,8";"12,3";"1013,4";"12,6";"85";"18,5";"6,6";"3,1";"eor"
433;20221027;10;"5,9";"2";9;"0";0;"-999";0;"7,9";"14";"1018,7";"14,7";"84";"20,3";"9,7";"6";"eor"
433;20221028;10;"6,7";"2,5";9;"0";0;"-999";0;"7";"14,9";"1014,4";"17";"77";"23,1";"10,8";"7,7";"eor"
433;20221029;10;"5,6";"2,2";9;"0";0;"-999";0;"7,6";"15,6";"1014,8";"16,9";"82";"21";"13,7";"11,5";"eor"
433;20221030;10;"5,2";"1,4";9;"0";0;"-999";0;"4,3";"14,2";"1012,5";"15,3";"84";"21,9";"9,2";"5,5";"eor"
433;20221031;10;"4,9";"1,5";9;"0";0;"-999";0;"5,4";"13,8";"1014";"12,9";"93";"18,8";"8,7";"5,5";"eor"
433;20221101;10;"7,6";"2,5";9;"0,1";6;"-999";0;"6,5";"14";"1010,5";"13,4";"91";"17,2";"8,5";"3,1";"eor"
433;20221102;10;"14,1";"3,6";9;"0";0;"-999";0;"3,4";"9,4";"1014";"10,7";"74";"15,5";"6,1";"1,8";"eor"
433;20221103;10;"7,6";"3,1";9;"0";6;"-999";0;"7,8";"8,8";"1009";"8,6";"79";"12,5";"4,3";"0,6";"eor"
433;20221104;10;"7,9";"2,7";9;"2,8";6;"-999";0;"7,8";"10,8";"1000,4";"9,5";"90";"11,2";"7,5";"4,9";"eor"
433;20221105;10;"8,3";"3,1";9;"0";0;"-999";0;"4";"9,4";"1009,9";"8,6";"85";"12";"5,2";"0,4";"eor"
433;20221106;10;"8,8";"3,4";9;"0,1";6;"-999";0;"3,5";"8,3";"1010";"7,4";"81";"11,6";"4,4";"2,6";"eor"
433;20221107;10;"10,2";"3,6";9;"0";6;"-999";0;"7,4";"9,9";"1006,9";"10,9";"76";"14,7";"6,4";"5,1";"eor"
433;20221108;10;"9,8";"3,1";9;"0,5";6;"-999";0;"7,5";"10,8";"1006,6";"12,4";"75";"16,6";"8,7";"7,1";"eor"
433;20221109;10;"9,9";"3,1";9;"0,9";6;"-999";0;"7,8";"11,5";"1005,5";"12,4";"80";"14,9";"10,5";"8,5";"eor"
433;20221110;10;"9,9";"3,8";9;"0";0;"-999";0;"6,7";"10,5";"1016,6";"12,1";"74";"14,7";"9,5";"8,3";"eor"
433;20221111;10;"6,8";"3,1";9;"0";0;"-999";0;"8";"9,7";"1024,1";"9,9";"79";"12,7";"5,6";"0,7";"eor"
433;20221112;10;"3,2";"1";9;"0";0;"-999";0;"6,8";"9,1";"1026,9";"7,4";"88";"13,6";"1,8";"-1,7";"eor"
433;20221113;10;"8,3";"3,3";9;"0";0;"-999";0;"6,5";"9,8";"1022,2";"8,9";"86";"11,7";"5,9";"4,4";"eor"
433;20221114;10;"7,8";"3,5";9;"0";0;"-999";0;"2,2";"8,8";"1013,6";"7";"88";"10,9";"4,4";"1";"eor"
433;20221115;10;"7,3";"2,3";9;"0";0;"-999";0;"2";"9,1";"1006,4";"7,3";"90";"13,3";"2,2";"-0,7";"eor"
433;20221116;10;"11,9";"5,2";9;"0";6;"-999";0;"8";"8,5";"1001,1";"5,7";"92";"6,4";"4,1";"3,7";"eor"
433;20221117;10;"13,9";"7,1";9;"0,5";8;"-999";0;"7,9";"6,6";"997,6";"3,9";"81";"5,1";"1,6";"1,1";"eor"
433;20221118;10;"13";"4,9";9;"0";8;"-999";0;"5";"4,6";"1002,2";"-1,2";"81";"1,6";"-5";"-10,3";"eor"
433;20221119;10;"8,8";"3,1";9;"1,1";8;"-999";0;"6,1";"4,7";"1007,2";"-1,5";"86";"2";"-6,4";"-11,2";"eor"
433;20221120;10;"7,6";"3";9;"0,1";8;"-999";2;"6,6";"5,2";"1003,5";"-0,4";"87";"1,3";"-2,8";"-6,7";"eor"
433;20221121;10;"5,7";"2,1";9;"0";0;"-999";2;"7,3";"4,9";"998,9";"-1,8";"91";"-0,8";"-3";"-5,3";"eor"
433;20221122;10;"10,7";"4";9;"0";0;"-999";1;"8";"5,6";"996,5";"-0,1";"92";"1,8";"-2,7";"-4";"eor"
433;20221123;10;"5,4";"2,7";9;"0";0;"-999";0;"-999";"6,7";"999";"2,7";"91";"7,2";"0,2";"-1,9";"eor"
433;20221124;10;"5,3";"1,9";9;"0";6;"-999";0;"-999";"7";"1005,7";"2,3";"97";"5,1";"0,1";"-1,9";"eor"
433;20221125;10;"5,5";"1,5";9;"3";6;"-999";0;"6,9";"8,4";"1011,6";"4,9";"97";"7,4";"2,7";"-0,2";"eor"
433;20221126;10;"7,8";"2,9";9;"0";6;"-999";0;"7,9";"9,8";"1021,4";"7,6";"93";"8,2";"7,2";"6,3";"eor"
433;20221127;10;"6,8";"2,7";9;"0";0;"-999";0;"6,7";"8";"1020,3";"5,4";"89";"7,3";"2,8";"0,5";"eor"
433;20221128;10;"9,4";"4,3";9;"0";6;"-999";0;"8";"6,9";"1011,6";"3,8";"86";"5,9";"2,8";"1,5";"eor"
433;20221129;10;"6,8";"3,5";9;"0,1";6;"-999";0;"7,9";"7,2";"1013,6";"3,9";"89";"4,9";"2,8";"1,9";"eor"
433;20221130;10;"7,8";"3,8";9;"0";0;"-999";0;"8";"6,6";"1019,8";"2,9";"87";"5,5";"0,5";"0,4";"eor"
433;20221201;10;"6,5";"3,4";9;"0,6";8;"-999";0;"7,5";"5,6";"1022,7";"0,5";"89";"1,2";"-0,2";"-0,3";"eor"
433;20221202;10;"10,1";"4,7";9;"0";8;"-999";0;"7,4";"5,4";"1020,8";"0,6";"85";"1,8";"-1,3";"-1,5";"eor"
433;20221203;10;"8,9";"4,2";9;"0,6";8;"-999";0;"7,8";"4,8";"1018,4";"-1,2";"87";"-0,3";"-2";"-2,1";"eor"
433;20221204;10;"8,1";"4,1";9;"1,4";6;"-999";1;"8";"6,4";"1014,7";"1,2";"95";"2,7";"-0,4";"-0,6";"eor"
433;20221205;10;"7,3";"3,2";9;"0,5";6;"-999";0;"7,9";"7,6";"1012,3";"3,2";"98";"4,1";"2,6";"2,3";"eor"
433;20221206;10;"8,5";"3,5";9;"1";8;"-999";0;"7,9";"6,9";"1009";"2,5";"93";"3,4";"1,8";"1,4";"eor"
433;20221207;10;"14,3";"4,6";9;"2,7";8;"-999";0;"7";"6,2";"1004,1";"2,3";"86";"4,3";"0,4";"-1,1";"eor"
433;20221208;10;"8,4";"2,6";9;"2,5";6;"-999";1;"7,7";"6,4";"1001";"1,6";"94";"3,4";"-2";"-4,4";"eor"
433;20221209;10;"5,3";"1,8";9;"0";6;"-999";0;"7,5";"5,2";"1002,5";"-1,7";"97";"-0,7";"-4,4";"-6,3";"eor"
433;20221210;10;"5";"2,5";9;"0";8;"-999";0;"7,6";"4,7";"1004,3";"-1,7";"88";"-0,8";"-3,8";"-5,5";"eor"
433;20221211;10;"8,4";"3,4";9;"0";8;"-999";0;"8";"4,4";"1004,1";"-2";"84";"-1,6";"-2,7";"-2,9";"eor"
433;20221212;10;"10,6";"4,8";9;"0";8;"-999";0;"7,9";"4,7";"1004,9";"-1,2";"84";"-0,2";"-1,9";"-2,9";"eor"
433;20221213;10;"7,9";"2,7";9;"0";0;"-999";0;"5,7";"4";"1006,4";"-2,2";"78";"-0,8";"-6,1";"-8,9";"eor"
433;20221214;10;"5,6";"2,2";9;"0";0;"-999";0;"2,3";"3,3";"1000,3";"-6,4";"87";"-3,3";"-9,9";"-13,9";"eor"
433;20221215;10;"4,4";"1,5";9;"0";0;"-999";0;"1,3";"3,3";"1002,7";"-6,8";"88";"-2,7";"-10,2";"-13,8";"eor"
433;20221216;10;"4,3";"1,7";9;"0";0;"-999";0;"5,7";"3,8";"1009,4";"-4,8";"87";"-1,4";"-9,2";"-12,9";"eor"
433;20221217;10;"4,7";"2,1";9;"0";7;"-999";0;"8";"4,5";"1020,9";"-3,5";"94";"-2";"-6,3";"-6,2";"eor"
433;20221218;10;"8,3";"3,4";9;"0";7;"-999";0;"8";"3,7";"1027,6";"-5,8";"93";"-4,3";"-7,5";"-7,3";"eor"
433;20221219;10;"9,4";"4,4";9;"5,2";6;"-999";0;"7,9";"5,4";"1017,3";"0";"84";"4,3";"-4,8";"-5,9";"eor"
433;20221220;10;"9,4";"4";9;"4,5";6;"-999";0;"7,8";"7,7";"1010";"6,1";"82";"8,1";"4,1";"2,5";"eor"
433;20221221;10;"7,7";"2,9";9;"1";6;"-999";0;"7,6";"9,3";"1004,7";"6,5";"95";"7,9";"4,7";"2,9";"eor"
433;20221222;10;"10,4";"2,8";9;"3,9";6;"-999";0;"7,9";"9,8";"999";"7,2";"97";"9";"5,4";"3,5";"eor"
433;20221223;10;"6,9";"2,2";9;"9,9";6;"-999";0;"7,7";"9,3";"998";"6,5";"97";"7,5";"5,2";"3";"eor"
433;20221224;10;"7,6";"2,8";9;"2,1";6;"-999";0;"6,8";"9,3";"1004,1";"6,5";"96";"8,9";"5";"4,4";"eor"
433;20221225;10;"7,5";"2,3";9;"8,7";6;"-999";0;"7,2";"8,6";"1010,1";"4,9";"98";"9,4";"0,7";"-2";"eor"
433;20221226;10;"12,8";"4,4";9;"0";6;"-999";0;"7,7";"10,2";"1005,3";"9,5";"85";"11";"5,5";"4,3";"eor"
433;20221227;10;"12,8";"4,6";9;"0";6;"-999";0;"4,8";"6,5";"1015,4";"4,2";"78";"6";"2,3";"0,8";"eor"
433;20221228;10;"11,3";"4,6";9;"1,5";6;"-999";0;"7,8";"7,7";"1008";"6,3";"81";"8,9";"3,4";"2,3";"eor"
433;20221229;10;"14,5";"4,8";9;"1,8";6;"-999";0;"7,6";"9,2";"999,8";"10";"75";"12,7";"8";"6,4";"eor"
433;20221230;10;"11,1";"4,1";9;"2";6;"-999";0;"5,5";"7,7";"1005,2";"7,6";"74";"9,7";"5";"3,4";"eor"
433;20221231;10;"16,3";"5,9";9;"0";6;"-999";0;"7,8";"12,2";"1002,3";"14,8";"73";"17,9";"9,2";"7,7";"eor"
